checkpoint,steps,mean_reward,std_reward
sac_models_optimizers_position_500.pth,500,-79.43751563625366,106.90908047533803
sac_models_optimizers_position_1000.pth,1000,-6.219304140617768,3.1401531451122704
sac_models_optimizers_position_1500.pth,1500,-168.26264803332947,140.06908604591757
sac_models_optimizers_position_2000.pth,2000,-32.70009112910916,38.45697480842563
sac_models_optimizers_position_2500.pth,2500,-8.44476897747317,6.26210796024696
sac_models_optimizers_position_3000.pth,3000,-12.472618063595522,13.612746529449213
sac_models_optimizers_position_3500.pth,3500,-27.94646191490745,43.04543515960977
sac_models_optimizers_position_4000.pth,4000,-105.92994020587459,153.82076473969317
sac_models_optimizers_position_4500.pth,4500,-43.20413350682603,60.01611747428316
sac_models_optimizers_position_5000.pth,5000,-63.831992879549674,79.18931031291534
sac_models_optimizers_position_5500.pth,5500,-56.16944871849132,57.4154880740041
sac_models_optimizers_position_6000.pth,6000,-23.181420824682686,28.103470549733164
sac_models_optimizers_position_6500.pth,6500,-13.178746166849542,17.84970089410071
sac_models_optimizers_position_7000.pth,7000,-15.58908140206331,22.318337311813696
sac_models_optimizers_position_7500.pth,7500,-11.778943230426474,18.15848221475499
sac_models_optimizers_position_8000.pth,8000,-27.621827421853016,25.457992999124528
sac_models_optimizers_position_8500.pth,8500,-22.475247994505576,27.14259987383969
sac_models_optimizers_position_9000.pth,9000,-35.26228113479483,35.689608852013734
sac_models_optimizers_position_9500.pth,9500,-22.712629023550964,27.80062855321826
sac_models_optimizers_position_10000.pth,10000,-15.59711961038395,24.467203711754145
sac_models_optimizers_position_10500.pth,10500,-47.10041684222317,81.51762085116503
sac_models_optimizers_position_11000.pth,11000,-16.727299792350365,19.683382017991892
sac_models_optimizers_position_11500.pth,11500,-60.642126505490175,72.95680382901706
sac_models_optimizers_position_12000.pth,12000,-14.97436622292889,21.591529584788105
sac_models_optimizers_position_12500.pth,12500,-29.588373422578506,45.09722363617925
sac_models_optimizers_position_13000.pth,13000,-33.800738333029365,54.34924187567549
sac_models_optimizers_position_13500.pth,13500,-19.57844057949268,24.984664789484132
sac_models_optimizers_position_14000.pth,14000,-9.484476001666986,5.266367990374075
sac_models_optimizers_position_14500.pth,14500,-9.518682828973818,15.470739279986669
sac_models_optimizers_position_15000.pth,15000,-15.798938742369403,23.654957118085388
sac_models_optimizers_position_15500.pth,15500,-15.61674327686181,21.93045492926241
sac_models_optimizers_position_16000.pth,16000,-20.62783669174188,25.713802616919704
sac_models_optimizers_position_16500.pth,16500,-46.28143510030644,63.82288806826767
sac_models_optimizers_position_17000.pth,17000,-44.20421851924726,70.13506510960877
sac_models_optimizers_position_17500.pth,17500,-93.45180776924194,108.63682439065411
sac_models_optimizers_position_18000.pth,18000,-15.328706561104575,19.066379247210357
sac_models_optimizers_position_18500.pth,18500,-43.10645658720883,67.03081790720137
sac_models_optimizers_position_19000.pth,19000,-14.475258475367365,18.747240175230907
sac_models_optimizers_position_19500.pth,19500,-19.22358607975378,16.195292070811767
sac_models_optimizers_position_20000.pth,20000,-13.095048396962053,10.818764621897135
sac_models_optimizers_position_20500.pth,20500,-11.780322370214858,7.3311986126742275
sac_models_optimizers_position_21000.pth,21000,-27.730626404655496,47.09358603603965
sac_models_optimizers_position_21500.pth,21500,-22.822589952342167,23.00251423256323
sac_models_optimizers_position_22000.pth,22000,-14.399836494988511,15.595816964699317
sac_models_optimizers_position_22500.pth,22500,-17.97646888305968,20.086651904236916
sac_models_optimizers_position_23000.pth,23000,-18.62353652632643,21.045437820643897
sac_models_optimizers_position_23500.pth,23500,-20.24947771015074,20.446181467076116
sac_models_optimizers_position_24000.pth,24000,-10.57948263871814,9.097353925697785
sac_models_optimizers_position_24500.pth,24500,-55.03577812150414,57.549326599039695
sac_models_optimizers_position_25000.pth,25000,-57.06713274072018,74.00429757088904
sac_models_optimizers_position_25500.pth,25500,-54.16417564731783,76.3853360527365
sac_models_optimizers_position_26000.pth,26000,-25.406957535860577,31.38941016627559
sac_models_optimizers_position_26500.pth,26500,-44.282609602976194,61.61859761947673
sac_models_optimizers_position_27000.pth,27000,-16.064790173087154,26.792855414761167
sac_models_optimizers_position_27500.pth,27500,-7.256521231766333,3.884533166629186
sac_models_optimizers_position_28000.pth,28000,-6.422860106296909,2.146565794927737
sac_models_optimizers_position_28500.pth,28500,-10.898667446756304,7.806100010965434
sac_models_optimizers_position_29000.pth,29000,-7.937472429132121,3.1310879174191877
sac_models_optimizers_position_29500.pth,29500,-9.230448944351423,8.232928146786163
sac_models_optimizers_position_30000.pth,30000,-51.51446701632656,40.49239545874986
sac_models_optimizers_position_30500.pth,30500,-58.274622409593555,70.94783017698043
sac_models_optimizers_position_31000.pth,31000,-73.10830867812373,90.58220780477653
sac_models_optimizers_position_31500.pth,31500,-11.983484917593369,10.429931023752752
sac_models_optimizers_position_32000.pth,32000,-13.459846193721974,26.63424463020518
sac_models_optimizers_position_32500.pth,32500,-9.823309645781988,5.294570504120475
sac_models_optimizers_position_33000.pth,33000,-8.176603507076404,4.674332202466329
sac_models_optimizers_position_33500.pth,33500,-17.694312457356972,18.5982904109225
sac_models_optimizers_position_34000.pth,34000,-31.443155345010226,41.12990075613388
sac_models_optimizers_position_34500.pth,34500,-134.26802628917926,153.76763767920139
sac_models_optimizers_position_35000.pth,35000,-19.640989244306173,27.865215544674033
sac_models_optimizers_position_35500.pth,35500,-19.90434589882469,21.505459824793153
sac_models_optimizers_position_36000.pth,36000,-44.49233674187716,58.052226319619486
sac_models_optimizers_position_36500.pth,36500,-26.725592309628617,33.93620921968284
sac_models_optimizers_position_37000.pth,37000,-20.29338510484462,25.824534770820204
sac_models_optimizers_position_37500.pth,37500,-81.7440578684177,101.8723100656272
sac_models_optimizers_position_38000.pth,38000,-12.720255432098051,22.432045559188165
sac_models_optimizers_position_38500.pth,38500,-65.32106352491965,87.74685950893591
sac_models_optimizers_position_39000.pth,39000,-60.887644153447724,74.07617424066471
sac_models_optimizers_position_39500.pth,39500,-14.93612342146995,18.845353565015845
sac_models_optimizers_position_40000.pth,40000,-28.76666610738258,35.40682183724813
sac_models_optimizers_position_40500.pth,40500,-62.17422345326153,73.03568654915391
sac_models_optimizers_position_41000.pth,41000,-48.29370604685732,51.51965000522955
sac_models_optimizers_position_41500.pth,41500,-57.69503213785204,77.97241532984759
sac_models_optimizers_position_42000.pth,42000,-11.64541490754508,12.027106924092577
sac_models_optimizers_position_42500.pth,42500,-15.466690798546269,14.085635036355422
sac_models_optimizers_position_43000.pth,43000,-10.702908040639299,8.060675254120081
sac_models_optimizers_position_43500.pth,43500,-71.12756797021858,94.07588124080122
sac_models_optimizers_position_44000.pth,44000,-26.80749603329837,27.776940238650422
sac_models_optimizers_position_44500.pth,44500,-104.7457401380893,100.4364138661158
sac_models_optimizers_position_45000.pth,45000,-105.67951370640479,174.6036065209927
sac_models_optimizers_position_45500.pth,45500,-153.79304045151557,223.1645611462501
sac_models_optimizers_position_46000.pth,46000,-7.796389918797978,3.0184264175291107
sac_models_optimizers_position_46500.pth,46500,-8.624377656921205,6.104052341227962
sac_models_optimizers_position_47000.pth,47000,-13.6948618859035,12.770347057185223
sac_models_optimizers_position_47500.pth,47500,-14.765319274795928,23.134632753834115
sac_models_optimizers_position_48000.pth,48000,-9.457286109847434,4.437360088229052
sac_models_optimizers_position_48500.pth,48500,-63.265498257493725,69.3239710422877
sac_models_optimizers_position_49000.pth,49000,-14.745345671895945,12.094313094740647
sac_models_optimizers_position_49500.pth,49500,-14.347570097866418,14.251482015313915
sac_models_optimizers_position_50000.pth,50000,-12.937168529420914,14.630104623360618
sac_models_optimizers_position_50500.pth,50500,-18.166310308228834,19.50810488602361
sac_models_optimizers_position_51000.pth,51000,-8.972773042204699,7.256947467112919
sac_models_optimizers_position_51500.pth,51500,-15.474757268355315,21.763588083960542
sac_models_optimizers_position_52000.pth,52000,-93.95807934268576,105.17138451054238
sac_models_optimizers_position_52500.pth,52500,-88.9890277379433,95.9658465183789
sac_models_optimizers_position_53000.pth,53000,-118.1370593520095,129.51784822158154
sac_models_optimizers_position_53500.pth,53500,-9.832738160639103,7.254818581744707
sac_models_optimizers_position_54000.pth,54000,-23.917516989607222,33.2279885874732
sac_models_optimizers_position_54500.pth,54500,-12.394600009605973,11.578635393377514
sac_models_optimizers_position_55000.pth,55000,-15.05287669042729,26.224985059278623
sac_models_optimizers_position_55500.pth,55500,-20.154369102205536,31.93555938009524
sac_models_optimizers_position_56000.pth,56000,-14.075469483503262,15.803493790394052
sac_models_optimizers_position_56500.pth,56500,-15.366155947007158,23.177256160844045
sac_models_optimizers_position_57000.pth,57000,-14.564961078643012,19.123573274343258
sac_models_optimizers_position_57500.pth,57500,-12.516445236462612,13.28447749846268
sac_models_optimizers_position_58000.pth,58000,-23.060911696037472,32.90801330140182
sac_models_optimizers_position_58500.pth,58500,-11.11075937904846,10.591971017120994
sac_models_optimizers_position_59000.pth,59000,-24.632211351659937,40.10616394782574
sac_models_optimizers_position_59500.pth,59500,-14.400519585892605,16.147353389702733
sac_models_optimizers_position_60000.pth,60000,-9.10991859887441,5.730364437419137
sac_models_optimizers_position_60500.pth,60500,-9.713161093631536,7.174347360542579
sac_models_optimizers_position_61000.pth,61000,-18.388148182060895,23.655341699648332
sac_models_optimizers_position_61500.pth,61500,-7.156566933573511,3.640835097839319
sac_models_optimizers_position_62000.pth,62000,-13.564180692992664,9.368994634875456
sac_models_optimizers_position_62500.pth,62500,-24.006582335561504,29.926120807021537
sac_models_optimizers_position_63000.pth,63000,-8.274922702077818,3.3453097215443446
sac_models_optimizers_position_63500.pth,63500,-6.7843047923723425,2.1306348091604432
sac_models_optimizers_position_64000.pth,64000,-32.94810847490317,53.79468768985784
sac_models_optimizers_position_64500.pth,64500,-7.475345778648712,3.0219008420495497
sac_models_optimizers_position_65000.pth,65000,-9.813767736577773,5.135081457064728
sac_models_optimizers_position_65500.pth,65500,-42.56406144216363,50.93603876717249
sac_models_optimizers_position_66000.pth,66000,-64.92229647014742,62.896631780372964
sac_models_optimizers_position_66500.pth,66500,-19.19748621455506,29.092526993249724
sac_models_optimizers_position_67000.pth,67000,-38.511374233034346,62.392057048029024
sac_models_optimizers_position_67500.pth,67500,-22.00300057331693,24.235411161058828
sac_models_optimizers_position_68000.pth,68000,-52.9589644194429,65.59608722829779
sac_models_optimizers_position_68500.pth,68500,-23.009283584132294,26.146605804789548
sac_models_optimizers_position_69000.pth,69000,-22.883532240434597,35.770457990924726
sac_models_optimizers_position_69500.pth,69500,-36.161472372851,44.26871031095322
sac_models_optimizers_position_70000.pth,70000,-49.20963881356893,55.720701356667114
sac_models_optimizers_position_70500.pth,70500,-83.44197273653013,101.59450657240492
sac_models_optimizers_position_71000.pth,71000,-141.06596029496578,120.02645762467735
sac_models_optimizers_position_71500.pth,71500,-59.420761752759155,66.62908259168621
sac_models_optimizers_position_72000.pth,72000,-73.24632164556404,108.50889207302886
sac_models_optimizers_position_72500.pth,72500,-19.704732967498046,20.7728522986428
sac_models_optimizers_position_73000.pth,73000,-16.290654684874642,20.271706094069113
sac_models_optimizers_position_73500.pth,73500,-14.371690596360015,18.96696253413892
sac_models_optimizers_position_74000.pth,74000,-13.975142556808871,13.420347157926885
sac_models_optimizers_position_74500.pth,74500,-26.186687879111087,36.63551619105659
sac_models_optimizers_position_75000.pth,75000,-31.018869504358165,38.6277249443663
sac_models_optimizers_position_75500.pth,75500,-36.0037213731197,45.79363272030338
sac_models_optimizers_position_76000.pth,76000,-30.365839642412066,38.7239075877107
sac_models_optimizers_position_76500.pth,76500,-29.140779223132714,34.419192672061655
sac_models_optimizers_position_77000.pth,77000,-36.873561974649526,60.30946310925305
sac_models_optimizers_position_77500.pth,77500,-27.06810373944857,40.956375204373046
sac_models_optimizers_position_78000.pth,78000,-50.392496526136355,60.667235743802784
sac_models_optimizers_position_78500.pth,78500,-19.642887584650403,28.324142344742235
sac_models_optimizers_position_79000.pth,79000,-29.256160359978725,30.708217173755337
sac_models_optimizers_position_79500.pth,79500,-10.50265705101711,17.25241188381053
sac_models_optimizers_position_80000.pth,80000,-10.704847135002996,14.832236299706294
sac_models_optimizers_position_80500.pth,80500,-44.75627839970849,63.84820438424571
sac_models_optimizers_position_81000.pth,81000,-45.682399835767654,48.17207890868868
sac_models_optimizers_position_81500.pth,81500,-37.77453483411571,50.75184818369526
sac_models_optimizers_position_82000.pth,82000,-36.82171949105916,56.01131986114696
sac_models_optimizers_position_82500.pth,82500,-21.7257418972462,24.503903986592583
sac_models_optimizers_position_83000.pth,83000,-28.018132453545345,43.4872859323103
sac_models_optimizers_position_83500.pth,83500,-18.361193647973774,26.7945384563606
sac_models_optimizers_position_84000.pth,84000,-13.435286260207876,14.27216032961899
sac_models_optimizers_position_84500.pth,84500,-52.39761897795542,61.094083810189744
sac_models_optimizers_position_85000.pth,85000,-13.006419900085131,14.240921543402019
sac_models_optimizers_position_85500.pth,85500,-9.463040097083029,10.611262407298144
sac_models_optimizers_position_86000.pth,86000,-29.147924710539872,32.31409739182151
sac_models_optimizers_position_86500.pth,86500,-62.53212549083237,84.63858206234914
sac_models_optimizers_position_87000.pth,87000,-49.52412621401352,70.21165120574268
sac_models_optimizers_position_87500.pth,87500,-59.1429783221058,72.46133378652728
sac_models_optimizers_position_88000.pth,88000,-126.38957495799623,157.0159689187776
sac_models_optimizers_position_88500.pth,88500,-49.90999578638394,48.566205904259974
sac_models_optimizers_position_89000.pth,89000,-45.655492820699656,68.0638396776324
sac_models_optimizers_position_89500.pth,89500,-31.927077837243477,47.11809519224897
sac_models_optimizers_position_90000.pth,90000,-39.16187448474984,43.89241243121204
sac_models_optimizers_position_90500.pth,90500,-28.78342654800439,38.15164908889295
sac_models_optimizers_position_91000.pth,91000,-29.153929257942327,35.73248815976029
sac_models_optimizers_position_91500.pth,91500,-113.41690242255233,163.8248363944722
sac_models_optimizers_position_92000.pth,92000,-21.52972038405909,30.355228572185055
sac_models_optimizers_position_92500.pth,92500,-50.48655287247862,58.79104535492789
sac_models_optimizers_position_93000.pth,93000,-66.5587677495563,106.69840309105139
sac_models_optimizers_position_93500.pth,93500,-30.59366115343541,32.640317606510955
sac_models_optimizers_position_94000.pth,94000,-41.1213859427469,60.89715568882853
sac_models_optimizers_position_94500.pth,94500,-65.07157628180303,72.34202237351818
sac_models_optimizers_position_95000.pth,95000,-38.597750851975604,51.21660432486177
sac_models_optimizers_position_95500.pth,95500,-21.44102937139576,22.856189619168536
sac_models_optimizers_position_96000.pth,96000,-18.47459808730544,22.58008037174638
sac_models_optimizers_position_96500.pth,96500,-22.553737473389035,32.67688614147902
sac_models_optimizers_position_97000.pth,97000,-11.623679562104465,9.895345761318664
sac_models_optimizers_position_97500.pth,97500,-52.41262063293628,58.38863893873159
sac_models_optimizers_position_98000.pth,98000,-14.184078879204668,11.776013315079
sac_models_optimizers_position_98500.pth,98500,-15.005550465817558,18.774049233283677
sac_models_optimizers_position_99000.pth,99000,-16.199067547261727,15.707463232894357
sac_models_optimizers_position_99500.pth,99500,-12.060511264502104,9.609192290751405
sac_models_optimizers_position_100000.pth,100000,-12.737164285921878,15.812835492964924
